{"sections":{"f1b443b9-dd46-495e-834e-3397f8f5ee76":{"type":"rich-text","blocks":{"template--16157226500261__f1b443b9-dd46-495e-834e-3397f8f5ee76-subheading-1":{"type":"subheading","settings":{"text":"MartiDerm-HN"}},"template--16157226500261__f1b443b9-dd46-495e-834e-3397f8f5ee76-heading-1":{"type":"heading","settings":{"text":"LƯU Ý","heading_tag":"h1"}},"template--16157226500261__f1b443b9-dd46-495e-834e-3397f8f5ee76-richtext-1":{"type":"richtext","settings":{"content":""}}},"block_order":["template--16157226500261__f1b443b9-dd46-495e-834e-3397f8f5ee76-subheading-1","template--16157226500261__f1b443b9-dd46-495e-834e-3397f8f5ee76-heading-1","template--16157226500261__f1b443b9-dd46-495e-834e-3397f8f5ee76-richtext-1"],"settings":{"color_scheme":"scheme-2","separate_section_with_border":true,"content_width":"sm","text_position":"center","remove_vertical_spacing":false}},"main":{"type":"main-cart","settings":{"color_scheme":"scheme-2","show_cart_note":true,"show_order_weight":false,"show_shipping_text":true,"show_accelerated_buttons":false,"show_shipping_estimator":true}},"logo_list_QeEnkJ":{"type":"logo-list","blocks":{"logo_XjrDzm":{"type":"logo","settings":{"logo":"shopify:\/\/shop_images\/Proteos-Screen-SPF50-caja_2ad4c4a3-ae2c-4597-8763-b1f141972db7.jpg","logo_width":120,"link":"shopify:\/\/products\/kem-chống-nắng-phổ-rộng-toan-diện-ngừa-lao-hoa-phong-chống-nam-quay-lại-martiderm-the-originals-proteos-screen-spf50-fluid-cream"}},"logo_U88cpr":{"type":"logo","settings":{"logo":"shopify:\/\/shop_images\/Modelift-Crema-Corporal_d4fda1fd-db7d-4ff0-b040-9918c784f0f9.jpg","logo_width":120,"link":"shopify:\/\/products\/kem-dưỡng-thể-modellift-200ml"}},"logo_HT7BjL":{"type":"logo","settings":{"logo":"shopify:\/\/shop_images\/essentials-balancing-toner-martiderm_9e46df3f-77d6-4552-a00c-6b38606de255.jpg","logo_width":120,"link":"shopify:\/\/products\/nước-can-bằng-lam-sạch-chứa-bha-prebiotics-martiderm-essentials-balancing-toner"}},"logo_FN3hz3":{"type":"logo","settings":{"logo":"shopify:\/\/shop_images\/acniover-gel-purificante-poros.jpg","logo_width":120,"link":"shopify:\/\/products\/gel-thanh-lọc-acniover"}}},"block_order":["logo_XjrDzm","logo_U88cpr","logo_HT7BjL","logo_FN3hz3"],"settings":{"color_scheme":"scheme-2","separate_section_with_border":true,"subheading":"","title":"SẢN PHẨM BÁN CHẠY","items_per_row":5,"logo_item_background":"","logo_item_border":""}}},"order":["f1b443b9-dd46-495e-834e-3397f8f5ee76","main","logo_list_QeEnkJ"]}