{"sections":{"collection-banner":{"type":"collection-banner","settings":{"color_scheme":"","image_size":"auto","allow_transparent_header":true,"reveal":true,"enable_parallax":true,"show_image":true,"show_collection_title":false,"show_collection_description":false,"show_breadcrumb":true,"content_width":"xs","overlay_color":"#000000","overlay_opacity":30}},"main":{"type":"main-collection","settings":{"color_scheme":"scheme-2","hide_product_information":false,"products_per_page":48,"products_per_row_mobile":"2","products_size_desktop":"medium","show_grid_mode_selector":true,"horizontal_spacing_factor":1,"vertical_spacing_factor":1,"filter_layout":"sidebar","quick_links_menu":"","show_sort_by":true,"show_filters":true,"show_results_count":true,"show_filter_group_name":false,"show_empty_filter_values":false,"show_filter_values_count":true,"show_color_swatch":true,"open_filters_by_default":false}},"9bf1f00b-d06c-4de4-a52b-41eaecfb7eb0":{"type":"featured-product","blocks":{"template--16157226533029__9bf1f00b-d06c-4de4-a52b-41eaecfb7eb0-vendor-1":{"type":"vendor","settings":{}},"template--16157226533029__9bf1f00b-d06c-4de4-a52b-41eaecfb7eb0-title-1":{"type":"title","settings":{"heading_tag":"h3"}},"template--16157226533029__9bf1f00b-d06c-4de4-a52b-41eaecfb7eb0-badges-1":{"type":"badges","settings":{}},"template--16157226533029__9bf1f00b-d06c-4de4-a52b-41eaecfb7eb0-price-1":{"type":"price","settings":{"show_taxes_notice":false}},"template--16157226533029__9bf1f00b-d06c-4de4-a52b-41eaecfb7eb0-rating-1":{"type":"rating","settings":{"show_empty":true,"rating_mode":"rating"}},"template--16157226533029__9bf1f00b-d06c-4de4-a52b-41eaecfb7eb0-payment_terms-1":{"type":"payment_terms","settings":{}},"template--16157226533029__9bf1f00b-d06c-4de4-a52b-41eaecfb7eb0-separator-1":{"type":"separator","settings":{}},"template--16157226533029__9bf1f00b-d06c-4de4-a52b-41eaecfb7eb0-description-1":{"type":"description","settings":{"collapse_content":false}},"template--16157226533029__9bf1f00b-d06c-4de4-a52b-41eaecfb7eb0-variant_picker-1":{"type":"variant_picker","settings":{"hide_sold_out_variants":false,"selector_type":"block","color_selector_type":"color","size_chart_page":""}},"template--16157226533029__9bf1f00b-d06c-4de4-a52b-41eaecfb7eb0-quantity_selector-1":{"type":"quantity_selector","settings":{}},"template--16157226533029__9bf1f00b-d06c-4de4-a52b-41eaecfb7eb0-buy_buttons-1":{"type":"buy_buttons","settings":{"show_payment_button":true,"show_gift_card_recipient":true,"atc_button_background":"","atc_button_text_color":"","payment_button_background":"","payment_button_text_color":""}},"template--16157226533029__9bf1f00b-d06c-4de4-a52b-41eaecfb7eb0-pickup_availability-1":{"type":"pickup_availability","settings":{}}},"block_order":["template--16157226533029__9bf1f00b-d06c-4de4-a52b-41eaecfb7eb0-vendor-1","template--16157226533029__9bf1f00b-d06c-4de4-a52b-41eaecfb7eb0-title-1","template--16157226533029__9bf1f00b-d06c-4de4-a52b-41eaecfb7eb0-badges-1","template--16157226533029__9bf1f00b-d06c-4de4-a52b-41eaecfb7eb0-price-1","template--16157226533029__9bf1f00b-d06c-4de4-a52b-41eaecfb7eb0-rating-1","template--16157226533029__9bf1f00b-d06c-4de4-a52b-41eaecfb7eb0-payment_terms-1","template--16157226533029__9bf1f00b-d06c-4de4-a52b-41eaecfb7eb0-separator-1","template--16157226533029__9bf1f00b-d06c-4de4-a52b-41eaecfb7eb0-description-1","template--16157226533029__9bf1f00b-d06c-4de4-a52b-41eaecfb7eb0-variant_picker-1","template--16157226533029__9bf1f00b-d06c-4de4-a52b-41eaecfb7eb0-quantity_selector-1","template--16157226533029__9bf1f00b-d06c-4de4-a52b-41eaecfb7eb0-buy_buttons-1","template--16157226533029__9bf1f00b-d06c-4de4-a52b-41eaecfb7eb0-pickup_availability-1"],"disabled":true,"settings":{"color_scheme":"","product":"","separate_section_with_border":true,"container_size":"lg","product_info_size":45,"center_basic_info":false,"desktop_media_layout":"carousel_thumbnails_bottom","desktop_media_grid_gap":30,"mobile_controls":"dots","enable_media_autoplay":false,"enable_video_looping":true,"enable_image_zoom":false,"max_image_zoom_level":3,"subheading":"","title":"Featured product","content":""}}},"order":["collection-banner","main","9bf1f00b-d06c-4de4-a52b-41eaecfb7eb0"]}